1,Doctor,H00004
2,Doctor,H00004
3,Doctor,H00004
4,Doctor,H00004
5,Doctor,H00004
6,Doctor,H00004
7,Doctor,H00004
8,Nurse,H00004
9,Nurse,H00004
11,Nurse,H00004
12,Nurse,H00004
10,Nurse,H00004
13,Nurse,H00004
14,Nurse,H00004
15,Cleaner,H00004
16,Cleaner,H00004
17,Cleaner,H00004
18,Cleaner,H00004
19,Cleaner,H00004
20,Maintenance,H00004
21,Maintenance,H00004
22,Maintenance,H00004
23,Maintenance,H00004
24,Maintenance,H00004
25,Doctor,H00016
26,Doctor,H00016
27,Doctor,H00016
28,Doctor,H00016
29,Doctor,H00016
30,Doctor,H00016
31,Doctor,H00016
32,Nurse,H00016
33,Nurse,H00016
34,Nurse,H00016
35,Nurse,H00016
36,Nurse,H00016
37,Nurse,H00016
38,Nurse,H00016
39,Cleaner,H00016
40,Cleaner,H00016
41,Cleaner,H00016
42,Cleaner,H00016
43,Cleaner,H00016
44,Maintenance,H00016
45,Maintenance,H00016
46,Maintenance,H00016
47,Maintenance,H00016
48,Maintenance,H00016
49,Doctor,H00030
50,Doctor,H00030
51,Doctor,H00030
52,Doctor,H00030
53,Doctor,H00030
54,Doctor,H00030
55,Doctor,H00030
56,Nurse,H00030
57,Nurse,H00030
58,Nurse,H00030
59,Nurse,H00030
60,Nurse,H00030
61,Nurse,H00030
62,Nurse,H00030
63,Cleaner,H00030
64,Cleaner,H00030
65,Cleaner,H00030
66,Cleaner,H00030
67,Cleaner,H00030
68,Maintenance,H00030
69,Maintenance,H00030
70,Maintenance,H00030
71,Maintenance,H00030
72,Maintenance,H00030
73,Doctor,H00033
74,Doctor,H00033
75,Doctor,H00033
76,Doctor,H00033
77,Doctor,H00033
78,Doctor,H00033
79,Doctor,H00033
80,Nurse,H00033
81,Nurse,H00033
82,Nurse,H00033
83,Nurse,H00033
84,Nurse,H00033
85,Nurse,H00033
86,Nurse,H00033
87,Cleaner,H00033
88,Cleaner,H00033
89,Cleaner,H00033
90,Cleaner,H00033
91,Cleaner,H00033
92,Maintenance,H00033
93,Maintenance,H00033
94,Maintenance,H00033
95,Maintenance,H00033
96,Maintenance,H00033
97,Doctor,H00046
98,Doctor,H00046
99,Doctor,H00046
100,Doctor,H00046
101,Doctor,H00046
102,Doctor,H00046
103,Doctor,H00046
104,Nurse,H00046
105,Nurse,H00046
106,Nurse,H00046
107,Nurse,H00046
108,Nurse,H00046
109,Nurse,H00046
111,Nurse,H00046
112,Cleaner,H00046
113,Cleaner,H00046
114,Cleaner,H00046
115,Cleaner,H00046
116,Cleaner,H00046
117,Maintenance,H00046
118,Maintenance,H00046
119,Maintenance,H00046
120,Maintenance,H00046
121,Maintenance,H00046
122,Doctor,H00201
123,Doctor,H00201
124,Doctor,H00201
125,Doctor,H00201
126,Doctor,H00201
127,Doctor,H00201
128,Doctor,H00201
129,Nurse,H00201
130,Nurse,H00201
131,Nurse,H00201
132,Nurse,H00201
133,Nurse,H00201
134,Nurse,H00201
135,Nurse,H00201
136,Cleaner,H00201
137,Cleaner,H00201
138,Cleaner,H00201
139,Cleaner,H00201
140,Cleaner,H00201
141,Maintenance,H00201
142,Maintenance,H00201
143,Maintenance,H00201
144,Maintenance,H00201
145,Maintenance,H00201
